{
  "height": 487.56280421693697,
  "width": 876.85713626611926,
  "x": 9.4488915545918015,
  "y": 0,
  "z": 0
}